{
  "baseline_frozen_cnn_head": {
    "orig": 0.9924,
    "rot": 0.8639
  },
  "frozen_cnn_ns_no_olt": {
    "orig": 0.9896,
    "rot": 0.8989
  },
  "frozen_cnn_olt_ns": {
    "orig": 0.985,
    "rot": 0.8811
  },
  "olt_d_out_sweep": {
    "32": {
      "orig": 0.985,
      "rot": 0.8811,
      "obj_best": 154.58999890233846
    },
    "64": {
      "orig": 0.986,
      "rot": 0.877,
      "obj_best": 223.6815614334414
    },
    "96": {
      "orig": 0.986,
      "rot": 0.8803,
      "obj_best": 254.23237570958761
    },
    "128": {
      "orig": 0.9861,
      "rot": 0.8799,
      "obj_best": 242.68243334652016
    }
  }
}