{
  "baseline_knn_spectral": {
    "accuracy": 0.22861842105263158,
    "nmi": 0.2793328970626076,
    "ari": 0.054579795022132546
  },
  "olt_nearest_subspace": {
    "accuracy": 0.3503289473684211,
    "nmi": 0.4354126509725251,
    "ari": 0.18637716987424963
  },
  "k_nn": 7,
  "pca_dim": 150,
  "olt_d_out": 64
}